_id,name,NHLId,position,__v
5f893530fece23034c6ec3d6,Brian Boyle,8470619,Center,0
5f893530fece23034c6ec3d8,Travis Zajac,8471233,Center,0
5f893530fece23034c6ec3d7,Drew Stafford,8471226,Right Wing,0
5f893530fece23034c6ec3d9,Andy Greene,8472382,Defenseman,0
5f893530fece23034c6ec3da,Eric Gryba,8473468,Defenseman,0
5f893530fece23034c6ec3e5,Stefan Noesen,8476474,Right Wing,0
5f893530fece23034c6ec3fe,Mackenzie Blackwood,8478406,Goalie,0
5f893530fece23034c6ec3ea,Miles Wood,8477425,Left Wing,0
5f893530fece23034c6ec3ef,Josh Jacobs,8477972,Defenseman,0
5f893530fece23034c6ec3de,Kyle Palmieri,8475151,Right Wing,0
5f893531fece23034c6ec403,Leo Komarov,8473463,Right Wing,0
5f893530fece23034c6ec3db,Ben Lovejoy,8473933,Defenseman,0
5f893531fece23034c6ec408,Jordan Eberle,8474586,Right Wing,0
5f893530fece23034c6ec3eb,Steven Santini,8477463,Defenseman,0
5f893530fece23034c6ec3f4,Kevin Rooney,8479291,Center,0
5f893530fece23034c6ec3f7,Jesper Bratt,8479407,Left Wing,0
5f893530fece23034c6ec3e1,Kenny Agostino,8475844,Left Wing,0
5f893530fece23034c6ec3e3,Blake Coleman,8476399,Center,0
5f893530fece23034c6ec3e0,Taylor Hall,8475791,Left Wing,0
5f893531fece23034c6ec40b,Casey Cizikas,8475231,Center,0
5f893530fece23034c6ec3f0,Pavel Zacha,8478401,Center,0
5f893531fece23034c6ec40d,Brock Nelson,8475754,Center,0
5f893530fece23034c6ec3ed,Jean-Sebastien Dea,8477520,Center,0
5f893530fece23034c6ec3f9,Michael McLeod,8479415,Center,0
5f893530fece23034c6ec3fa,Nico Hischier,8480002,Center,0
5f893530fece23034c6ec3fc,Cory Schneider,8471239,Goalie,0
5f893530fece23034c6ec3e6,Kurtis Gabriel,8476545,Right Wing,0
5f893530fece23034c6ec3e7,Damon Severson,8476923,Defenseman,0
5f893530fece23034c6ec3dc,Eric Tangradi,8474025,Left Wing,0
5f893530fece23034c6ec3dd,Marcus Johansson,8475149,Center,0
5f893530fece23034c6ec3df,Sami Vatanen,8475222,Defenseman,0
5f893530fece23034c6ec3e8,Connor Carrick,8476941,Defenseman,0
5f893530fece23034c6ec3f2,Brett Seney,8478881,Left Wing,0
5f893530fece23034c6ec3f5,Joey Anderson,8479315,Right Wing,0
5f893531fece23034c6ec401,Andrew Ladd,8471217,Left Wing,0
5f893531fece23034c6ec406,Josh Bailey,8474573,Right Wing,0
5f893530fece23034c6ec3e2,Blake Pietila,8476370,Left Wing,0
5f893530fece23034c6ec3ec,Mirco Mueller,8477509,Defenseman,0
5f893530fece23034c6ec3ee,John Quenneville,8477961,Center,0
5f893530fece23034c6ec3e4,Ryan Murphy,8476465,Defenseman,0
5f893530fece23034c6ec3f1,Colton White,8478841,Defenseman,0
5f893530fece23034c6ec3f3,Nick Lappin,8479250,Right Wing,0
5f893531fece23034c6ec409,Matt Martin,8474709,Left Wing,0
5f893531fece23034c6ec410,Adam Pelech,8476917,Defenseman,0
5f893531fece23034c6ec41a,Robin Lehner,8475215,Goalie,0
5f893530fece23034c6ec3f8,Nathan Bastian,8479414,Right Wing,0
5f893530fece23034c6ec3fb,Egor Yakovlev,8480948,Defenseman,0
5f893531fece23034c6ec405,Thomas Hickey,8474066,Defenseman,0
5f893531fece23034c6ec402,Stephen Gionta,8472410,Center,0
5f893531fece23034c6ec3ff,Valtteri Filppula,8470047,Center,0
5f893530fece23034c6ec3e9,Will Butcher,8477355,Defenseman,0
5f893531fece23034c6ec407,Luca Sbisa,8474579,Defenseman,0
5f893531fece23034c6ec40f,Scott Mayfield,8476429,Defenseman,0
5f893531fece23034c6ec414,Joshua Ho-Sang,8477959,Right Wing,0
5f893531fece23034c6ec412,Ross Johnston,8477527,Left Wing,0
5f893531fece23034c6ec418,Tanner Fritz,8479206,Center,0
5f893531fece23034c6ec417,Anthony Beauvillier,8478463,Left Wing,0
5f893531fece23034c6ec413,Michael Dal Colle,8477936,Left Wing,0
5f893531fece23034c6ec404,Cal Clutterbuck,8473504,Right Wing,0
5f893530fece23034c6ec3f6,Brandon Gignac,8479330,Center,0
5f893531fece23034c6ec416,Mathew Barzal,8478445,Center,0
5f893531fece23034c6ec422,Chris Kreider,8475184,Left Wing,0
5f893531fece23034c6ec415,Devon Toews,8478038,Defenseman,0
5f893530fece23034c6ec3fd,Keith Kinkaid,8476234,Goalie,0
5f893531fece23034c6ec41d,Marc Staal,8471686,Defenseman,0
5f893531fece23034c6ec41e,Adam McQuaid,8471717,Defenseman,0
5f893531fece23034c6ec41f,Matt Beleskey,8473492,Left Wing,0
5f893531fece23034c6ec41c,Cody McLeod,8471657,Left Wing,0
5f893531fece23034c6ec400,Johnny Boychuk,8470187,Defenseman,0
5f893531fece23034c6ec40a,Nick Leddy,8475181,Defenseman,0
5f893531fece23034c6ec421,Brendan Smith,8474090,Defenseman,0
5f893531fece23034c6ec435,Libor Hajek,8479333,Defenseman,0
5f893531fece23034c6ec40c,Anders Lee,8475314,Left Wing,0
5f893531fece23034c6ec40e,Tom Kuhnhackl,8475832,Right Wing,0
5f893531fece23034c6ec430,John Gilmour,8477337,Defenseman,0
5f893531fece23034c6ec42f,Boo Nieves,8476922,Center,0
5f893531fece23034c6ec425,Connor Brickley,8475736,Left Wing,0
5f893531fece23034c6ec419,Thomas Greiss,8471306,Goalie,0
5f893531fece23034c6ec411,Ryan Pulock,8477506,Defenseman,0
5f893531fece23034c6ec432,Tony DeAngelo,8477950,Defenseman,0
5f893531fece23034c6ec42d,Brady Skjei,8476869,Defenseman,0
5f893531fece23034c6ec420,Kevin Shattenkirk,8474031,Defenseman,0
5f893531fece23034c6ec41b,Christopher Gibson,8476444,Goalie,0
5f893531fece23034c6ec423,Mats Zuccarello,8475692,Right Wing,0
5f893531fece23034c6ec426,Kevin Hayes,8475763,Center,0
5f893531fece23034c6ec42b,Mika Zibanejad,8476459,Center,0
5f893531fece23034c6ec42a,Ryan Strome,8476458,Center,0
5f893531fece23034c6ec428,Fredrik Claesson,8476368,Defenseman,0
5f893531fece23034c6ec43a,Filip Chytil,8480078,Center,0
5f893531fece23034c6ec427,Jesper Fast,8475855,Right Wing,0
5f893531fece23034c6ec424,Ryan Spooner,8475727,Center,0
5f893531fece23034c6ec439,Lias Andersson,8480072,Center,0
5f893531fece23034c6ec431,Pavel Buchnevich,8477402,Right Wing,0
5f893531fece23034c6ec451,Samuel Morin,8477502,Defenseman,0
5f893531fece23034c6ec434,Ryan Lindgren,8479324,Defenseman,0
5f893531fece23034c6ec437,Tim Gettinger,8479364,Left Wing,0
5f893531fece23034c6ec43e,Claude Giroux,8473512,Center,0
5f893531fece23034c6ec44c,Michael Raffl,8477290,Left Wing,0
5f893531fece23034c6ec42c,Vladislav Namestnikov,8476480,Center,0
5f893531fece23034c6ec44f,Robert Hagg,8477462,Defenseman,0
5f893531fece23034c6ec429,Steven Fogarty,8476396,Center,0
5f893531fece23034c6ec42e,Jimmy Vesey,8476918,Left Wing,0
5f893531fece23034c6ec43c,Henrik Lundqvist,8468685,Goalie,0
5f893531fece23034c6ec44a,Scott Laughton,8476872,Center,0
5f893531fece23034c6ec44d,Tyrell Goulbourne,8477399,Left Wing,0
5f893531fece23034c6ec442,Wayne Simmonds,8474190,Right Wing,0
5f893531fece23034c6ec447,Radko Gudas,8475462,Defenseman,0
5f893531fece23034c6ec456,Oskar Lindblom,8478067,Left Wing,0
5f893531fece23034c6ec45b,Nolan Patrick,8479974,Center,0
5f893531fece23034c6ec440,James van Riemsdyk,8474037,Left Wing,0
5f893531fece23034c6ec448,Jordan Weal,8475738,Center,0
5f893531fece23034c6ec445,Corban Knight,8475260,Center,0
5f893531fece23034c6ec459,Mikhail Vorobyev,8478844,Center,0
5f893531fece23034c6ec436,Brett Howden,8479353,Center,0
5f893531fece23034c6ec454,Nicolas Aube-Kubel,8477979,Right Wing,0
5f893531fece23034c6ec443,Jori Lehtera,8474627,Center,0
5f893531fece23034c6ec461,Anthony Stolarz,8476932,Goalie,0
5f893531fece23034c6ec457,Travis Konecny,8478439,Right Wing,0
5f893531fece23034c6ec452,Christian Folin,8477850,Defenseman,0
5f893531fece23034c6ec441,Jakub Voracek,8474161,Right Wing,0
5f893531fece23034c6ec45c,Mike McKenna,8470093,Goalie,0
5f893531fece23034c6ec433,Brendan Lemieux,8477962,Left Wing,0
5f893531fece23034c6ec460,Calvin Pickard,8475717,Goalie,0
5f893531fece23034c6ec44e,Ryan Hartman,8477451,Right Wing,0
5f893531fece23034c6ec45e,Michal Neuvirth,8473607,Goalie,0
5f893531fece23034c6ec43f,Andrew MacDonald,8473584,Defenseman,0
5f893531fece23034c6ec463,Carter Hart,8479394,Goalie,0
5f893531fece23034c6ec438,Vinni Lettieri,8479968,Center,0
5f893531fece23034c6ec43b,Neal Pionk,8480145,Defenseman,0
5f893531fece23034c6ec44b,Shayne Gostisbehere,8476906,Defenseman,0
5f893531fece23034c6ec43d,Alexandar Georgiev,8480382,Goalie,0
5f893531fece23034c6ec446,Phil Varone,8475321,Center,0
5f893531fece23034c6ec444,Dale Weise,8474668,Right Wing,0
5f893531fece23034c6ec449,Sean Couturier,8476461,Center,0
5f893531fece23034c6ec450,Justin Bailey,8477473,Right Wing,0
5f893531fece23034c6ec453,Travis Sanheim,8477948,Defenseman,0
5f893531fece23034c6ec455,Mark Friedman,8478017,Defenseman,0
5f893531fece23034c6ec45a,Philippe Myers,8479026,Defenseman,0
5f893531fece23034c6ec46b,Phil Kessel,8473548,Right Wing,0
5f893531fece23034c6ec45d,Brian Elliott,8470880,Goalie,0
5f893531fece23034c6ec470,Garrett Wilson,8475253,Left Wing,0
5f893531fece23034c6ec467,Jack Johnson,8471677,Defenseman,0
5f893531fece23034c6ec458,Ivan Provorov,8478500,Defenseman,0
5f893531fece23034c6ec46c,Carl Hagelin,8474176,Left Wing,0
5f893531fece23034c6ec45f,Cam Talbot,8475660,Goalie,0
5f893531fece23034c6ec476,Jamie Oleksiak,8476467,Defenseman,0
5f893531fece23034c6ec466,Sidney Crosby,8471675,Center,0
5f893531fece23034c6ec473,Erik Gudbranson,8475790,Defenseman,0
5f893531fece23034c6ec464,Matt Cullen,8464989,Center,0
5f893531fece23034c6ec46e,Derek Grant,8474683,Center,0
5f893531fece23034c6ec47f,Marcus Pettersson,8477969,Defenseman,0
5f893531fece23034c6ec462,Alex Lyon,8479312,Goalie,0
5f893531fece23034c6ec465,Evgeni Malkin,8471215,Center,0
5f893531fece23034c6ec482,Zach Aston-Reese,8479944,Center,0
5f893531fece23034c6ec471,Nick Bjugstad,8475760,Center,0
5f893531fece23034c6ec469,Patric Hornqvist,8471887,Right Wing,0
5f893531fece23034c6ec480,Daniel Sprong,8478466,Right Wing,0
5f893531fece23034c6ec46a,Derick Brassard,8473544,Center,0
5f893531fece23034c6ec475,Zach Trotman,8475902,Defenseman,0
5f893531fece23034c6ec474,Bryan Rust,8475810,Right Wing,0
5f893531fece23034c6ec468,Kris Letang,8471724,Defenseman,0
5f893531fece23034c6ec47a,Joseph Blandisi,8477010,Center,0
5f893531fece23034c6ec477,Tanner Pearson,8476871,Left Wing,0
5f893531fece23034c6ec484,Juuso Riikola,8480945,Defenseman,0
5f893531fece23034c6ec47b,Chad Ruhwedel,8477244,Defenseman,0
5f893531fece23034c6ec46d,Justin Schultz,8474602,Defenseman,0
5f893531fece23034c6ec478,Olli Maatta,8476874,Defenseman,0
5f893531fece23034c6ec472,Riley Sheahan,8475772,Center,0
5f893531fece23034c6ec487,Casey DeSmith,8479193,Goalie,0
5f893531fece23034c6ec46f,Brian Dumoulin,8475208,Defenseman,0
5f893531fece23034c6ec479,Teddy Blueger,8476927,Center,0
5f893531fece23034c6ec481,Dominik Simon,8478866,Center,0
5f893531fece23034c6ec486,Tristan Jarry,8477465,Goalie,0
5f893531fece23034c6ec485,Matt Murray,8476899,Goalie,0
5f893531fece23034c6ec47c,Jake Guentzel,8477404,Left Wing,0
5f893531fece23034c6ec483,Adam Johnson,8480341,Center,0
5f893531fece23034c6ec47e,Jared McCann,8477955,Center,0
5f893532fece23034c6ec493,Chris Wagner,8475780,Right Wing,0
5f893532fece23034c6ec48e,Steven Kampfer,8474000,Defenseman,0
5f893532fece23034c6ec48c,David Krejci,8471276,Center,0
5f893532fece23034c6ec491,John Moore,8475186,Defenseman,0
5f893532fece23034c6ec4a5,Jeremy Lauzon,8478468,Defenseman,0
5f893532fece23034c6ec49b,Connor Clifton,8477365,Defenseman,0
5f893532fece23034c6ec496,Sean Kuraly,8476374,Center,0
5f893532fece23034c6ec489,Patrice Bergeron,8470638,Center,0
5f893532fece23034c6ec4a0,Danton Heinen,8478046,Left Wing,0
5f893532fece23034c6ec4a2,Jakub Zboril,8478415,Defenseman,0
5f893532fece23034c6ec4aa,Trent Frederic,8479365,Center,0
5f893532fece23034c6ec498,Matt Grzelcyk,8476891,Defenseman,0
5f893532fece23034c6ec49d,Colby Cave,8477529,Center,0
5f893532fece23034c6ec4af,Jason Pominville,8469506,Right Wing,0
5f893532fece23034c6ec4b4,Zach Bogosian,8474567,Defenseman,0
5f893532fece23034c6ec4b1,Vladimir Sobotka,8471743,Center,0
5f893532fece23034c6ec48a,David Backes,8470655,Right Wing,0
5f893532fece23034c6ec48d,Brad Marchand,8473419,Left Wing,0
5f893532fece23034c6ec48f,Paul Carey,8474008,Center,0
5f893532fece23034c6ec49f,Ryan Donato,8477987,Center,0
5f893532fece23034c6ec4b6,Johan Larsson,8475728,Center,0
5f893532fece23034c6ec49c,Peter Cehlarik,8477417,Left Wing,0
5f893532fece23034c6ec4a7,Jake DeBrusk,8478498,Left Wing,0
5f893532fece23034c6ec492,Charlie Coyle,8475745,Center,0
5f893532fece23034c6ec4be,Remi Elie,8477461,Left Wing,0
5f893532fece23034c6ec4b9,Nathan Beaulieu,8476470,Defenseman,0
5f893532fece23034c6ec494,Joakim Nordstrom,8475807,Center,0
5f893532fece23034c6ec488,Zdeno Chara,8465009,Defenseman,0
5f893532fece23034c6ec4d2,Shea Weber,8470642,Defenseman,0
5f893532fece23034c6ec4bb,Zemgus Girgensons,8476878,Center,0
5f893532fece23034c6ec49e,David Pastrnak,8477956,Right Wing,0
5f893532fece23034c6ec4ac,Karson Kuhlman,8480901,Center,0
5f893532fece23034c6ec4a6,Zach Senyshyn,8478485,Right Wing,0
5f893532fece23034c6ec4c3,Victor Olofsson,8478109,Left Wing,0
5f893532fece23034c6ec495,Kevan Miller,8476191,Defenseman,0
5f893532fece23034c6ec4ca,Alex Nylander,8479423,Left Wing,0
5f893532fece23034c6ec48b,Lee Stempniak,8470740,Right Wing,0
5f893532fece23034c6ec4c0,Conor Sheary,8477839,Left Wing,0
5f893532fece23034c6ec497,Torey Krug,8476792,Defenseman,0
5f893532fece23034c6ec4ae,Tuukka Rask,8471695,Goalie,0
5f893532fece23034c6ec49a,Anton Blidh,8477320,Left Wing,0
5f893532fece23034c6ec4a9,Charlie McAvoy,8479325,Defenseman,0
5f893532fece23034c6ec4a3,Jakob Forsbacka Karlsson,8478417,Center,0
5f893532fece23034c6ec499,Gemel Smith,8476966,Center,0
5f893532fece23034c6ec4b7,Jeff Skinner,8475784,Left Wing,0
5f893532fece23034c6ec4ab,Urho Vaakanainen,8480001,Defenseman,0
5f893532fece23034c6ec4c8,Casey Nelson,8479268,Defenseman,0
5f893532fece23034c6ec4d9,Jordie Benn,8474818,Defenseman,0
5f893532fece23034c6ec4a8,Noel Acciari,8478569,Center,0
5f893532fece23034c6ec4d4,Jeff Petry,8473507,Defenseman,0
5f893532fece23034c6ec4a1,Anders Bjork,8478075,Left Wing,0
5f893532fece23034c6ec4cd,Rasmus Dahlin,8480839,Defenseman,0
5f893532fece23034c6ec4ad,Jaroslav Halak,8470860,Goalie,0
5f893532fece23034c6ec4b0,Matt Hunwick,8471436,Defenseman,0
5f893532fece23034c6ec4a4,Brandon Carlo,8478443,Defenseman,0
5f893532fece23034c6ec4c5,Brendan Guhle,8478425,Defenseman,0
5f893532fece23034c6ec4cf,Carter Hutton,8475622,Goalie,0
5f893532fece23034c6ec4b2,Kyle Okposo,8473449,Right Wing,0
5f893532fece23034c6ec4d7,Paul Byron,8474038,Left Wing,0
5f893532fece23034c6ec4dc,Jordan Weal,8475738,Center,0
5f893532fece23034c6ec4b3,Patrik Berglund,8473534,Center,0
5f893532fece23034c6ec4b5,Marco Scandella,8474618,Defenseman,0
5f893536fece23034c6ec6e1,Ryan Getzlaf,8470612,Center,0
5f893536fece23034c6ec6e7,Korbinian Holzer,8473560,Defenseman,0
5f893536fece23034c6ec6e6,Andrew Cogliano,8471699,Center,0
5f893536fece23034c6ec6f1,Josh Manson,8476312,Defenseman,0
5f893536fece23034c6ec6fd,Nick Ritchie,8477941,Left Wing,0
5f893536fece23034c6ec709,Josh Mahura,8479372,Defenseman,0
5f893532fece23034c6ec4b8,Scott Wilson,8476293,Left Wing,0
5f893536fece23034c6ec6f2,Andy Welinski,8476407,Defenseman,0
5f893532fece23034c6ec4cb,Casey Mittelstadt,8479999,Center,0
5f893536fece23034c6ec713,Marc Methot,8470760,Defenseman,0
5f893532fece23034c6ec4bf,Rasmus Ristolainen,8477499,Defenseman,0
5f893536fece23034c6ec6fa,Jaycob Megna,8477034,Defenseman,0
5f893532fece23034c6ec4f5,Justin Falk,8473992,Defenseman,0
5f893536fece23034c6ec721,Taylor Fedun,8476166,Defenseman,0
5f893532fece23034c6ec4cc,C.J. Smith,8480083,Left Wing,0
5f893536fece23034c6ec70a,Max Comtois,8480031,Left Wing,0
5f893536fece23034c6ec72b,Dillon Heatherington,8477471,Defenseman,0
5f893532fece23034c6ec4e1,Andrew Shaw,8476381,Right Wing,0
5f893532fece23034c6ec4da,Tomas Tatar,8475193,Left Wing,0
5f893536fece23034c6ec714,Alexander Radulov,8471228,Right Wing,0
5f893536fece23034c6ec71e,Tyler Pitlick,8475752,Center,0
5f893532fece23034c6ec4ba,Matt Tennyson,8476807,Defenseman,0
5f893532fece23034c6ec4f2,Charlie Lindgren,8479292,Goalie,0
5f893532fece23034c6ec4bc,Jake McCabe,8476931,Defenseman,0
5f893536fece23034c6ec720,John Klingberg,8475906,Defenseman,0
5f893532fece23034c6ec4e3,Xavier Ouellet,8476443,Defenseman,0
5f893532fece23034c6ec4c1,Sam Reinhart,8477933,Center,0
5f893532fece23034c6ec506,Dylan DeMelo,8476331,Defenseman,0
5f893536fece23034c6ec743,Kyle Clifford,8475160,Left Wing,0
5f893532fece23034c6ec4e6,Charles Hudon,8476948,Left Wing,0
5f893532fece23034c6ec4fa,Mark Borowiecki,8474697,Defenseman,0
5f893532fece23034c6ec4e8,Artturi Lehkonen,8477476,Left Wing,0
5f893532fece23034c6ec4c2,Brandon Montour,8477986,Defenseman,0
5f893536fece23034c6ec72c,Valeri Nichushkin,8477501,Right Wing,0
5f893532fece23034c6ec50e,Jack Rodewald,8478268,Right Wing,0
5f893532fece23034c6ec4c4,Jack Eichel,8478403,Center,0
5f893532fece23034c6ec4eb,Christian Folin,8477850,Defenseman,0
5f893532fece23034c6ec4c6,Evan Rodrigues,8478542,Center,0
5f893536fece23034c6ec736,Ben Bishop,8471750,Goalie,0
5f893532fece23034c6ec4bd,"Danny O'Regan",8476982,Center,0
5f893532fece23034c6ec4d8,Dale Weise,8474668,Right Wing,0
5f893532fece23034c6ec4c7,William Borgen,8478840,Defenseman,0
5f893532fece23034c6ec4ce,Lawrence Pilut,8480935,Defenseman,0
5f893536fece23034c6ec740,Alec Martinez,8474166,Defenseman,0
5f893532fece23034c6ec4f0,Carey Price,8471679,Goalie,0
5f893532fece23034c6ec4d0,Linus Ullmark,8476999,Goalie,0
5f893532fece23034c6ec4e2,Mike Reilly,8476422,Defenseman,0
5f893532fece23034c6ec4df,Brendan Gallagher,8475848,Right Wing,0
5f893536fece23034c6ec753,Alex Iafallo,8480113,Left Wing,0
5f893532fece23034c6ec4e4,Joel Armia,8476469,Right Wing,0
5f893532fece23034c6ec4c9,Tage Thompson,8479420,Right Wing,0
5f893532fece23034c6ec4f7,Zack Smith,8474250,Center,0
5f893536fece23034c6ec75d,Joe Thornton,8466138,Center,0
5f893536fece23034c6ec74c,Adrian Kempe,8477960,Center,0
5f893532fece23034c6ec50b,Nick Paul,8477426,Left Wing,0
5f893532fece23034c6ec4d5,David Schlemko,8473673,Defenseman,0
5f893532fece23034c6ec4fc,Magnus Paajarvi,8475175,Left Wing,0
5f893536fece23034c6ec756,Daniel Brickley,8480771,Defenseman,0
5f893532fece23034c6ec4ff,Darren Archibald,8475423,Right Wing,0
5f893532fece23034c6ec4e9,Jonathan Drouin,8477494,Left Wing,0
5f893532fece23034c6ec4ed,Victor Mete,8479376,Defenseman,0
5f893536fece23034c6ec761,Justin Braun,8474027,Defenseman,0
5f893532fece23034c6ec4d1,Tomas Plekanec,8469521,Center,0
5f893532fece23034c6ec501,Mark Stone,8475913,Right Wing,0
5f893532fece23034c6ec504,Ryan Dzingel,8476288,Center,0
5f893536fece23034c6ec76b,Barclay Goodrow,8476624,Center,0
5f893532fece23034c6ec4ee,Ryan Poehling,8480068,Center,0
5f893532fece23034c6ec4db,Nicolas Deslauriers,8475235,Left Wing,0
5f893532fece23034c6ec4d3,Nate Thompson,8470775,Center,0
5f893532fece23034c6ec4dd,Michael Chaput,8475808,Center,0
5f893532fece23034c6ec509,Chris Tierney,8476919,Center,0
5f893532fece23034c6ec4e5,Phillip Danault,8476479,Center,0
5f893536fece23034c6ec775,Lukas Radil,8480780,Center,0
5f893532fece23034c6ec4e7,Brett Kulak,8476967,Defenseman,0
5f893536fece23034c6ec764,Erik Karlsson,8474578,Defenseman,0
5f893532fece23034c6ec4d6,Karl Alzner,8473991,Defenseman,0
5f893536fece23034c6ec76e,Melker Karlsson,8477922,Center,0
5f893532fece23034c6ec4e0,Matthew Peca,8476285,Center,0
5f893536fece23034c6ec778,Aaron Dell,8477180,Goalie,0
5f893537fece23034c6ec786,Scott Harrington,8476449,Defenseman,0
5f893537fece23034c6ec77d,Riley Nash,8474062,Center,0
5f893532fece23034c6ec4f8,Mikkel Boedker,8474571,Left Wing,0
5f893532fece23034c6ec518,Alex Formenton,8480029,Left Wing,0
5f893532fece23034c6ec510,Thomas Chabot,8478469,Defenseman,0
5f893537fece23034c6ec792,Dean Kukan,8478567,Defenseman,0
5f893533fece23034c6ec524,Ron Hainsey,8468493,Defenseman,0
5f893537fece23034c6ec787,Ryan Murray,8476850,Defenseman,0
5f893532fece23034c6ec4f1,Antti Niemi,8474550,Goalie,0
5f893532fece23034c6ec4fb,Matt Duchene,8475168,Center,0
5f893537fece23034c6ec791,Artemi Panarin,8478550,Left Wing,0
5f893537fece23034c6ec79c,Matt Hendricks,8468611,Center,0
5f893532fece23034c6ec50c,Ben Harpur,8477433,Defenseman,0
5f893537fece23034c6ec7a6,Nate Prosser,8475613,Defenseman,0
5f893532fece23034c6ec520,Mike Condon,8477237,Goalie,0
5f893537fece23034c6ec7b2,Brad Hunt,8476779,Defenseman,0
5f893532fece23034c6ec505,Max McCormick,8476323,Left Wing,0
5f893537fece23034c6ec799,Vladislav Gavrikov,8478882,Defenseman,0
5f893532fece23034c6ec502,Erik Burgdoerfer,8475982,Defenseman,0
5f893532fece23034c6ec50f,Colin White,8478400,Center,0
5f893532fece23034c6ec522,Joey Daccord,8478916,Goalie,0
5f893537fece23034c6ec7a3,Jared Spurgeon,8474716,Defenseman,0
5f893532fece23034c6ec519,Erik Brannstrom,8480073,Defenseman,0
5f893537fece23034c6ec7ad,Nick Seeler,8476372,Defenseman,0
5f893532fece23034c6ec51a,Drake Batherson,8480208,Right Wing,0
5f893533fece23034c6ec52f,Connor Brown,8477015,Right Wing,0
5f893537fece23034c6ec7be,Alex Stalock,8471774,Goalie,0
5f893532fece23034c6ec4ec,Noah Juulsen,8478454,Defenseman,0
5f893533fece23034c6ec53b,Igor Ozhiganov,8480943,Defenseman,0
5f893533fece23034c6ec538,Nikita Zaitsev,8479458,Defenseman,0
5f893532fece23034c6ec4f6,Paul Carey,8474008,Center,0
5f893537fece23034c6ec7c4,Tyler Myers,8474574,Defenseman,0
5f893533fece23034c6ec523,Patrick Marleau,8466139,Center,0
5f893532fece23034c6ec500,Oscar Lindberg,8475715,Left Wing,0
5f893537fece23034c6ec7bd,Devan Dubnyk,8471227,Goalie,0
5f893533fece23034c6ec52b,Justin Holl,8475718,Defenseman,0
5f893537fece23034c6ec7ce,Andrew Copp,8477429,Center,0
5f893532fece23034c6ec516,Logan Brown,8479366,Center,0
5f893533fece23034c6ec535,Travis Dermott,8478408,Defenseman,0
5f893532fece23034c6ec4fd,Stefan Elliott,8475206,Defenseman,0
5f893532fece23034c6ec4f3,Bobby Ryan,8471676,Right Wing,0
5f893537fece23034c6ec7c5,Dmitry Kulikov,8475179,Defenseman,0
5f893533fece23034c6ec52a,Martin Marincin,8475716,Defenseman,0
5f893533fece23034c6ec53f,Garret Sparks,8476343,Goalie,0
5f893532fece23034c6ec51d,Craig Anderson,8467950,Goalie,0
5f893532fece23034c6ec513,Christian Jaros,8478868,Defenseman,0
5f893537fece23034c6ec7d1,Nikolaj Ehlers,8477940,Left Wing,0
5f893532fece23034c6ec50a,Anthony Duclair,8477407,Left Wing,0
5f893533fece23034c6ec527,Tyler Ennis,8474589,Center,0
5f893532fece23034c6ec515,Maxime Lajoie,8479320,Defenseman,0
5f893533fece23034c6ec54f,Saku Maenalanen,8477357,Right Wing,0
5f893537fece23034c6ec7dc,Laurent Brossoit,8476316,Goalie,0
5f893532fece23034c6ec514,Rudolfs Balcers,8478870,Left Wing,0
5f893532fece23034c6ec51f,Anders Nilsson,8475195,Goalie,0
5f893532fece23034c6ec4ea,Max Domi,8477503,Center,0
5f893533fece23034c6ec543,Greg McKegg,8475735,Center,0
5f893532fece23034c6ec51e,Mike McKenna,8470093,Goalie,0
5f893537fece23034c6ec7e6,Oliver Ekman-Larsson,8475171,Defenseman,0
5f893533fece23034c6ec54d,Trevor Carrick,8476953,Defenseman,0
5f893532fece23034c6ec4f4,Tom Pyatt,8471768,Left Wing,0
5f893532fece23034c6ec4ef,Jesperi Kotkaniemi,8480829,Center,0
5f893533fece23034c6ec534,Kasperi Kapanen,8477953,Right Wing,0
5f893537fece23034c6ec7df,Brad Richardson,8470755,Center,0
5f893532fece23034c6ec4fe,Chris Wideman,8475227,Defenseman,0
5f893532fece23034c6ec4f9,Cody Goloubef,8474597,Defenseman,0
5f893533fece23034c6ec547,Victor Rask,8476437,Center,0
5f893537fece23034c6ec7ee,Laurent Dauphin,8477460,Center,0
5f893533fece23034c6ec52e,Morgan Rielly,8476853,Defenseman,0
5f893533fece23034c6ec550,Valentin Zykov,8477458,Left Wing,0
5f893532fece23034c6ec507,Jean-Gabriel Pageau,8476419,Center,0
5f893532fece23034c6ec511,Filip Chlapik,8478488,Center,0
5f893533fece23034c6ec539,Trevor Moore,8479675,Center,0
5f893537fece23034c6ec7f8,Kyle Capobianco,8478476,Defenseman,0
5f893533fece23034c6ec555,Lucas Wallmark,8478027,Center,0
5f893532fece23034c6ec51b,Max Veronneau,8480314,Right Wing,0
5f893533fece23034c6ec525,Jake Muzzin,8474162,Defenseman,0
5f893537fece23034c6ec7eb,Nick Cousins,8476393,Center,0
5f893533fece23034c6ec526,Jake Gardiner,8474581,Defenseman,0
5f893532fece23034c6ec508,Cody Ceci,8476879,Defenseman,0
5f893532fece23034c6ec503,Brian Gibbons,8476207,Center,0
5f893533fece23034c6ec553,Haydn Fleury,8477938,Defenseman,0
5f893533fece23034c6ec530,Andreas Johnsson,8477341,Left Wing,0
5f893537fece23034c6ec7f5,Christian Fischer,8478432,Right Wing,0
5f893532fece23034c6ec512,Christian Wolanin,8478846,Defenseman,0
5f893533fece23034c6ec55b,Martin Necas,8480039,Center,0
5f893532fece23034c6ec50d,Andreas Englund,8477971,Defenseman,0
5f893533fece23034c6ec53a,Calle Rosen,8480157,Defenseman,0
5f893533fece23034c6ec565,Keith Yandle,8471735,Defenseman,0
5f893532fece23034c6ec51c,Brady Tkachuk,8480801,Left Wing,0
5f893533fece23034c6ec545,Nino Niederreiter,8475799,Right Wing,0
5f893532fece23034c6ec517,Vitaly Abramov,8479411,Left Wing,0
5f893533fece23034c6ec56f,Riley Sheahan,8475772,Center,0
5f893533fece23034c6ec559,Jake Bean,8479402,Defenseman,0
5f893533fece23034c6ec577,Aleksander Barkov,8477493,Center,0
5f893533fece23034c6ec531,Nic Petan,8477464,Center,0
5f893533fece23034c6ec52c,Zach Hyman,8475786,Left Wing,0
5f893533fece23034c6ec55c,Andrei Svechnikov,8480830,Right Wing,0
5f893533fece23034c6ec548,Dougie Hamilton,8476462,Defenseman,0
5f893533fece23034c6ec536,Mitchell Marner,8478483,Right Wing,0
5f893533fece23034c6ec529,Nazem Kadri,8475172,Center,0
5f893533fece23034c6ec53d,Michael Hutchinson,8474636,Goalie,0
5f893533fece23034c6ec566,Jamie McGinn,8473465,Left Wing,0
5f893533fece23034c6ec533,William Nylander,8477939,Right Wing,0
5f893533fece23034c6ec544,Justin Faulk,8475753,Defenseman,0
5f893533fece23034c6ec549,Phillip Di Giuseppe,8476858,Left Wing,0
5f893533fece23034c6ec570,Mark Pysyk,8475796,Defenseman,0
5f893532fece23034c6ec521,Marcus Hogberg,8477405,Goalie,0
5f893533fece23034c6ec53e,Frederik Andersen,8475883,Goalie,0
5f893533fece23034c6ec568,Colton Sceviour,8474098,Center,0
5f893533fece23034c6ec584,Bogdan Kiselevich,8480955,Defenseman,0
5f893533fece23034c6ec528,John Tavares,8475166,Center,0
5f893533fece23034c6ec52d,Josh Leivo,8476410,Left Wing,0
5f893533fece23034c6ec54e,Jaccob Slavin,8476958,Defenseman,0
5f893533fece23034c6ec57b,Juho Lammikko,8477996,Right Wing,0
5f893533fece23034c6ec55a,Janne Kuokkanen,8479511,Left Wing,0
5f893533fece23034c6ec532,Frederik Gauthier,8477512,Center,0
5f893533fece23034c6ec537,Auston Matthews,8479318,Center,0
5f893533fece23034c6ec58e,Alex Killorn,8473986,Left Wing,0
5f893533fece23034c6ec540,Justin Williams,8468508,Right Wing,0
5f893533fece23034c6ec560,Scott Darling,8474152,Goalie,0
5f893533fece23034c6ec53c,Par Lindholm,8480944,Center,0
5f893533fece23034c6ec586,Roberto Luongo,8466141,Goalie,0
5f893533fece23034c6ec554,Warren Foegele,8477998,Left Wing,0
5f893533fece23034c6ec56a,Micheal Haley,8474230,Center,0
5f893533fece23034c6ec54a,Teuvo Teravainen,8476882,Left Wing,0
5f893533fece23034c6ec59d,Danick Martel,8478365,Left Wing,0
5f893533fece23034c6ec541,Jordan Staal,8473533,Center,0
5f893533fece23034c6ec572,Jonathan Huberdeau,8476456,Left Wing,0
5f893533fece23034c6ec546,Micheal Ferland,8475907,Left Wing,0
5f893533fece23034c6ec585,Brady Keeper,8481442,Defenseman,0
5f893533fece23034c6ec55e,Aleksi Saarela,8478839,Center,0
5f893533fece23034c6ec57c,Dryden Hunt,8478211,Left Wing,0
5f893533fece23034c6ec591,Cameron Gaunce,8474611,Defenseman,0
5f893533fece23034c6ec542,Calvin de Haan,8475177,Defenseman,0
5f893533fece23034c6ec552,Trevor van Riemsdyk,8477845,Defenseman,0
5f893533fece23034c6ec54c,Brock McGinn,8476934,Left Wing,0
5f893533fece23034c6ec597,J.T. Miller,8476468,Center,0
5f893533fece23034c6ec561,Petr Mrazek,8475852,Goalie,0
5f893533fece23034c6ec54b,Jordan Martinook,8476921,Left Wing,0
5f893533fece23034c6ec563,Derek MacKenzie,8468001,Center,0
5f893533fece23034c6ec5a0,Anthony Cirelli,8478519,Center,0
5f893533fece23034c6ec56d,Alexander Petrovic,8475755,Defenseman,0
5f893533fece23034c6ec56b,Mike Hoffman,8474884,Left Wing,0
5f893533fece23034c6ec557,Sebastian Aho,8478427,Center,0
5f893533fece23034c6ec551,Brett Pesce,8477488,Defenseman,0
5f893534fece23034c6ec5aa,Nicklas Backstrom,8473563,Center,0
5f893533fece23034c6ec57a,Jayce Hawryluk,8477963,Right Wing,0
5f893533fece23034c6ec556,Clark Bishop,8478056,Center,0
5f893533fece23034c6ec59a,Cedric Paquette,8476975,Center,0
5f893533fece23034c6ec558,Nicolas Roy,8478462,Center,0
5f893533fece23034c6ec576,Ian McCoshen,8477452,Defenseman,0
5f893533fece23034c6ec55d,Patrick Brown,8477887,Center,0
5f893534fece23034c6ec5ae,Dmitry Orlov,8475200,Defenseman,0
5f893533fece23034c6ec562,Alex Nedeljkovic,8477968,Goalie,0
5f893533fece23034c6ec567,Derick Brassard,8473544,Center,0
5f893533fece23034c6ec582,Anthony Greco,8479447,Right Wing,0
5f893534fece23034c6ec5bb,Madison Bowey,8477474,Defenseman,0
5f893533fece23034c6ec56c,Chris Wideman,8475227,Defenseman,0
5f893533fece23034c6ec598,Yanni Gourde,8476826,Center,0
5f893533fece23034c6ec571,Vincent Trocheck,8476389,Center,0
5f893533fece23034c6ec574,MacKenzie Weegar,8477346,Defenseman,0
5f893534fece23034c6ec5b9,Tyler Lewington,8477343,Defenseman,0
5f893533fece23034c6ec579,Jared McCann,8477955,Center,0
5f893533fece23034c6ec590,Steven Stamkos,8474564,Center,0
5f893533fece23034c6ec57e,Denis Malgin,8478843,Center,0
5f893533fece23034c6ec59e,Erik Cernak,8478416,Defenseman,0
5f893533fece23034c6ec55f,Curtis McElhinney,8470147,Goalie,0
5f893533fece23034c6ec583,Maxim Mamin,8479553,Center,0
5f893533fece23034c6ec564,Troy Brouwer,8471426,Right Wing,0
5f893534fece23034c6ec5a8,T.J. Oshie,8471698,Right Wing,0
5f893533fece23034c6ec58a,Braydon Coburn,8470601,Defenseman,0
5f893533fece23034c6ec569,Evgenii Dadonov,8474149,Right Wing,0
5f893533fece23034c6ec56e,Nick Bjugstad,8475760,Center,0
5f893534fece23034c6ec5b2,Devante Smith-Pelly,8475758,Right Wing,0
5f893533fece23034c6ec575,Josh Brown,8477384,Defenseman,0
5f893533fece23034c6ec58f,Ryan McDonagh,8474151,Defenseman,0
5f893534fece23034c6ec5bc,Nathan Walker,8477573,Left Wing,0
5f893533fece23034c6ec57f,Riley Stillman,8479388,Defenseman,0
5f893533fece23034c6ec596,Nikita Kucherov,8476453,Right Wing,0
5f893533fece23034c6ec573,Mike Matheson,8476875,Defenseman,0
5f893534fece23034c6ec5d0,John Hayden,8477401,Center,0
5f893533fece23034c6ec578,Aaron Ekblad,8477932,Defenseman,0
5f893533fece23034c6ec5a5,Andrei Vasilevskiy,8476883,Goalie,0
5f893533fece23034c6ec57d,Frank Vatrano,8478366,Center,0
5f893534fece23034c6ec5c9,Brandon Manning,8475430,Defenseman,0
5f893533fece23034c6ec589,Sam Montembeault,8478470,Goalie,0
5f893533fece23034c6ec593,Victor Hedman,8475167,Defenseman,0
5f893534fece23034c6ec5af,Nick Jensen,8475324,Defenseman,0
5f893534fece23034c6ec5df,Dominik Kahun,8480946,Center,0
5f893533fece23034c6ec581,Jacob MacDonald,8479439,Defenseman,0
5f893533fece23034c6ec58b,Ryan Callahan,8471339,Right Wing,0
5f893534fece23034c6ec5cd,Slater Koekkoek,8476886,Defenseman,0
5f893533fece23034c6ec595,Ondrej Palat,8476292,Left Wing,0
5f893533fece23034c6ec5a4,Louis Domingue,8475839,Goalie,0
5f893534fece23034c6ec5ee,Brian Lashoff,8474873,Defenseman,0
5f893533fece23034c6ec580,Henrik Borgstrom,8479404,Center,0
5f893534fece23034c6ec5b6,Tom Wilson,8476880,Right Wing,0
5f893533fece23034c6ec587,James Reimer,8473503,Goalie,0
5f893533fece23034c6ec588,Michael Hutchinson,8474636,Goalie,0
5f893534fece23034c6ec5e2,Corey Crawford,8470645,Goalie,0
5f893534fece23034c6ec5c0,Braden Holtby,8474651,Goalie,0
5f893534fece23034c6ec5ca,Brandon Davidson,8475869,Defenseman,0
5f893533fece23034c6ec58c,Anton Stralman,8471873,Defenseman,0
5f893533fece23034c6ec58d,Dan Girardi,8471958,Defenseman,0
5f893533fece23034c6ec592,Tyler Johnson,8474870,Center,0
5f893534fece23034c6ec5be,Jonas Siegenthaler,8478399,Defenseman,0
5f893533fece23034c6ec594,Cory Conacher,8476195,Center,0
5f893534fece23034c6ec5d4,Gustav Forsling,8478055,Defenseman,0
5f893533fece23034c6ec5a3,Edward Pasquale,8475277,Goalie,0
5f893533fece23034c6ec5a2,Jan Rutta,8480172,Defenseman,0
5f893533fece23034c6ec59b,Adam Erne,8477454,Left Wing,0
5f893534fece23034c6ec5ec,Gustav Nyquist,8474679,Center,0
5f893534fece23034c6ec5a7,Alex Ovechkin,8471214,Left Wing,0
5f893534fece23034c6ec5b0,Nic Dowd,8475343,Center,0
5f893534fece23034c6ec5ac,Lars Eller,8474189,Center,0
5f893534fece23034c6ec5f8,Madison Bowey,8477474,Defenseman,0
5f893534fece23034c6ec5b1,Evgeny Kuznetsov,8475744,Center,0
5f893534fece23034c6ec5b7,Chandler Stephenson,8476905,Center,0
5f893534fece23034c6ec5f5,Andreas Athanasiou,8476960,Left Wing,0
5f893533fece23034c6ec59f,Mathieu Joseph,8478472,Right Wing,0
5f893534fece23034c6ec5a9,Matt Niskanen,8471702,Defenseman,0
5f893534fece23034c6ec5c1,Pheonix Copley,8477831,Goalie,0
5f893534fece23034c6ec5e0,Jacob Nilsson,8480954,Center,0
5f893534fece23034c6ec5b3,Brett Connolly,8475792,Right Wing,0
5f893534fece23034c6ec5b8,Christian Djoos,8477043,Defenseman,0
5f893534fece23034c6ec5d5,Dylan Sikura,8478106,Right Wing,0
5f893534fece23034c6ec5ea,Justin Abdelkader,8471716,Left Wing,0
5f893534fece23034c6ec5bd,Jakub Vrana,8477944,Left Wing,0
5f893534fece23034c6ec5b4,Travis Boyd,8476329,Center,0
5f893534fece23034c6ec5d3,Nick Schmaltz,8477951,Center,0
5f893534fece23034c6ec5f4,Martin Frk,8476924,Right Wing,0
5f893533fece23034c6ec599,Slater Koekkoek,8476886,Defenseman,0
5f893533fece23034c6ec59c,Brayden Point,8478010,Center,0
5f893534fece23034c6ec5c3,Chris Kunitz,8470543,Left Wing,0
5f893534fece23034c6ec5fb,Jake Chelios,8477865,Defenseman,0
5f893533fece23034c6ec5a1,Mikhail Sergachev,8479410,Defenseman,0
5f893534fece23034c6ec5dd,David Kampf,8480144,Center,0
5f893534fece23034c6ec5a6,Brooks Orpik,8468498,Defenseman,0
5f893534fece23034c6ec5ad,John Carlson,8474590,Defenseman,0
5f893534fece23034c6ec606,Taro Hirose,8481433,Left Wing,0
5f893534fece23034c6ec5d2,Brendan Perlini,8477943,Left Wing,0
5f893534fece23034c6ec5c6,Jonathan Toews,8473604,Center,0
5f893534fece23034c6ec603,Libor Sulak,8480161,Defenseman,0
5f893534fece23034c6ec5b5,Dmitrij Jaskin,8476436,Right Wing,0
5f893534fece23034c6ec5ba,Andre Burakovsky,8477444,Left Wing,0
5f893534fece23034c6ec5dc,Henri Jokiharju,8480035,Defenseman,0
5f893534fece23034c6ec5bf,Michal Kempny,8479482,Defenseman,0
5f893534fece23034c6ec608,Jonathan Bernier,8473541,Goalie,0
5f893534fece23034c6ec5cf,Luke Johnson,8477366,Center,0
5f893534fece23034c6ec5cb,Brandon Saad,8476438,Left Wing,0
5f893534fece23034c6ec5c4,Brent Seabrook,8470607,Defenseman,0
5f893534fece23034c6ec60e,P.K. Subban,8474056,Defenseman,0
5f893534fece23034c6ec5d9,Alex DeBrincat,8479337,Left Wing,0
5f893534fece23034c6ec5ce,Erik Gustafsson,8476979,Defenseman,0
5f893534fece23034c6ec5da,Drake Caggiula,8479465,Center,0
5f893534fece23034c6ec60a,Dan Hamhuis,8469465,Defenseman,0
5f893534fece23034c6ec5f3,Luke Glendening,8476822,Center,0
5f893534fece23034c6ec5d8,Andreas Martinsen,8478561,Left Wing,0
5f893534fece23034c6ec61f,Rocco Grimaldi,8476428,Right Wing,0
5f893534fece23034c6ec5eb,Darren Helm,8471794,Left Wing,0
5f893534fece23034c6ec5e4,Niklas Kronwall,8468509,Defenseman,0
5f893534fece23034c6ec5c8,Marcus Kruger,8475323,Center,0
5f893534fece23034c6ec5e9,Mike Green,8471242,Defenseman,0
5f893534fece23034c6ec5db,Alexandre Fortin,8479657,Left Wing,0
5f893534fece23034c6ec617,Craig Smith,8475225,Right Wing,0
5f893534fece23034c6ec5c2,Duncan Keith,8470281,Defenseman,0
5f893534fece23034c6ec61d,Anthony Bitetto,8475868,Defenseman,0
5f893534fece23034c6ec5c5,Artem Anisimov,8473573,Center,0
5f893534fece23034c6ec5e5,Trevor Daley,8470110,Defenseman,0
5f893534fece23034c6ec5c7,Patrick Kane,8474141,Right Wing,0
5f893534fece23034c6ec5d7,Dennis Gilbert,8478502,Defenseman,0
5f893534fece23034c6ec5ef,Wade Megan,8475263,Center,0
5f893534fece23034c6ec627,Viktor Arvidsson,8478042,Right Wing,0
5f893534fece23034c6ec5e1,Cam Ward,8470320,Goalie,0
5f893534fece23034c6ec5cc,Connor Murphy,8476473,Defenseman,0
5f893534fece23034c6ec623,Colton Sissons,8476925,Center,0
5f893534fece23034c6ec5f9,Tyler Bertuzzi,8477479,Left Wing,0
5f893534fece23034c6ec5d1,Carl Dahlstrom,8477472,Defenseman,0
5f893534fece23034c6ec5d6,Dylan Strome,8478440,Center,0
5f893535fece23034c6ec636,Alex Pietrangelo,8474565,Defenseman,0
5f893534fece23034c6ec5fe,Christoffer Ehn,8478036,Center,0
5f893534fece23034c6ec5e7,Jonathan Ericsson,8470318,Defenseman,0
5f893534fece23034c6ec5ff,Joe Hicketts,8478176,Defenseman,0
5f893534fece23034c6ec629,Dante Fabbro,8479371,Defenseman,0
5f893534fece23034c6ec5f1,Dylan McIlrath,8475795,Defenseman,0
5f893534fece23034c6ec5f6,Danny DeKeyser,8477215,Defenseman,0
5f893534fece23034c6ec607,Jimmy Howard,8470657,Goalie,0
5f893534fece23034c6ec5e6,Frans Nielsen,8470144,Center,0
5f893535fece23034c6ec638,Tyler Bozak,8475098,Center,0
5f893534fece23034c6ec5f0,Nick Jensen,8475324,Defenseman,0
5f893534fece23034c6ec5de,Jan Rutta,8480172,Defenseman,0
5f893534fece23034c6ec5fa,Anthony Mantha,8477511,Right Wing,0
5f893534fece23034c6ec62d,Juuse Saros,8477424,Goalie,0
5f893534fece23034c6ec610,Yannick Weber,8474134,Defenseman,0
5f893534fece23034c6ec5e3,Collin Delia,8480420,Goalie,0
5f893535fece23034c6ec647,Nikita Soshnikov,8478373,Right Wing,0
5f893534fece23034c6ec616,Mattias Ekholm,8475218,Defenseman,0
5f893534fece23034c6ec5e8,Thomas Vanek,8470598,Left Wing,0
5f893535fece23034c6ec63e,Joel Edmundson,8476441,Defenseman,0
5f893534fece23034c6ec5ed,Luke Witkowski,8474722,Right Wing,0
5f893534fece23034c6ec5f2,Matt Puempel,8476477,Left Wing,0
5f893534fece23034c6ec60f,Kyle Turris,8474068,Center,0
5f893535fece23034c6ec63c,Vladimir Tarasenko,8475765,Right Wing,0
5f893534fece23034c6ec5f7,Jacob de la Rose,8477455,Left Wing,0
5f893535fece23034c6ec648,Vince Dunn,8478407,Defenseman,0
5f893534fece23034c6ec612,Roman Josi,8474600,Defenseman,0
5f893534fece23034c6ec600,Dennis Cholowski,8479395,Defenseman,0
5f893534fece23034c6ec5fc,Dylan Larkin,8477946,Center,0
5f893534fece23034c6ec61c,Mikael Granlund,8475798,Center,0
5f893535fece23034c6ec649,Jordan Kyrou,8479385,Center,0
5f893534fece23034c6ec5fd,Dominic Turgeon,8477994,Center,0
5f893534fece23034c6ec601,Filip Hronek,8479425,Defenseman,0
5f893534fece23034c6ec622,Filip Forsberg,8476887,Left Wing,0
5f893534fece23034c6ec604,Filip Zadina,8480821,Right Wing,0
5f893534fece23034c6ec602,Michael Rasmussen,8479992,Center,0
5f893535fece23034c6ec654,Travis Hamonic,8474612,Defenseman,0
5f893534fece23034c6ec62c,Pekka Rinne,8471469,Goalie,0
5f893534fece23034c6ec605,Ryan Kuffner,8481426,Left Wing,0
5f893534fece23034c6ec609,Kaden Fulcher,8480363,Goalie,0
5f893535fece23034c6ec652,Anthony Peluso,8474061,Right Wing,0
5f893535fece23034c6ec634,Carl Gunnarsson,8474125,Defenseman,0
5f893534fece23034c6ec621,Phillip Di Giuseppe,8476858,Left Wing,0
5f893535fece23034c6ec668,Matthew Tkachuk,8479314,Left Wing,0
5f893534fece23034c6ec613,Matt Donovan,8474659,Defenseman,0
5f893534fece23034c6ec615,Ryan Ellis,8475176,Defenseman,0
5f893535fece23034c6ec650,James Neal,8471707,Left Wing,0
5f893535fece23034c6ec62e,Chris Thorburn,8469501,Right Wing,0
5f893534fece23034c6ec618,Matt Irwin,8475625,Defenseman,0
5f893534fece23034c6ec61a,Austin Watson,8475766,Left Wing,0
5f893535fece23034c6ec640,Colton Parayko,8476892,Defenseman,0
5f893535fece23034c6ec653,Mikael Backlund,8474150,Center,0
5f893534fece23034c6ec60d,Nick Bonino,8474009,Center,0
5f893534fece23034c6ec61b,Ryan Johansen,8475793,Center,0
5f893535fece23034c6ec677,Andrew Agozzino,8475461,Left Wing,0
5f893534fece23034c6ec614,Zac Rinaldo,8474736,Center,0
5f893535fece23034c6ec639,"Ryan O'Reilly",8475158,Center,0
5f893534fece23034c6ec619,Calle Jarnkrok,8475714,Center,0
5f893535fece23034c6ec679,Patrik Nemeth,8475747,Defenseman,0
5f893534fece23034c6ec61e,Colin Blackwell,8476278,Center,0
5f893535fece23034c6ec635,Robert Bortuzzo,8474145,Defenseman,0
5f893534fece23034c6ec620,Miikka Salomaki,8476447,Right Wing,0
5f893535fece23034c6ec65a,Mark Jankowski,8476873,Center,0
5f893534fece23034c6ec625,Frederick Gaudreau,8477919,Center,0
5f893535fece23034c6ec643,Zach Sanford,8477482,Left Wing,0
5f893534fece23034c6ec62a,Rem Pitlick,8479514,Center,0
5f893535fece23034c6ec664,Oliver Kylington,8478430,Defenseman,0
5f893535fece23034c6ec62f,Jay Bouwmeester,8470151,Defenseman,0
5f893535fece23034c6ec641,Oskar Sundqvist,8476897,Center,0
5f893534fece23034c6ec628,Anthony Richard,8478409,Center,0
5f893535fece23034c6ec66b,Oscar Fantenberg,8480147,Defenseman,0
5f893535fece23034c6ec64c,Chad Johnson,8473434,Goalie,0
5f893535fece23034c6ec631,Chris Butler,8471761,Defenseman,0
5f893535fece23034c6ec63b,Jordan Nolan,8475325,Center,0
5f893534fece23034c6ec626,Kevin Fiala,8477942,Left Wing,0
5f893535fece23034c6ec64e,Jordan Binnington,8476412,Goalie,0
5f893535fece23034c6ec66e,Carl Soderberg,8471262,Center,0
5f893534fece23034c6ec62b,Eeli Tolvanen,8480009,Right Wing,0
5f893535fece23034c6ec678,Mark Alt,8475729,Defenseman,0
5f893535fece23034c6ec633,David Perron,8474102,Left Wing,0
5f893535fece23034c6ec651,Michael Frolik,8473564,Right Wing,0
5f893535fece23034c6ec63d,Jaden Schwartz,8475768,Left Wing,0
5f893535fece23034c6ec645,Ivan Barbashev,8477964,Center,0
5f893535fece23034c6ec65e,Kerby Rychel,8477510,Left Wing,0
5f893535fece23034c6ec682,Nathan MacKinnon,8477492,Center,0
5f893535fece23034c6ec630,Alexander Steen,8470257,Left Wing,0
5f893535fece23034c6ec68b,"Logan O'Connor",8481186,Right Wing,0
5f893535fece23034c6ec661,Andrew Mangiapane,8478233,Left Wing,0
5f893535fece23034c6ec642,Mackenzie MacEachern,8476907,Left Wing,0
5f893535fece23034c6ec632,Pat Maroon,8474034,Left Wing,0
5f893535fece23034c6ec68d,Semyon Varlamov,8473575,Goalie,0
5f893535fece23034c6ec660,Sam Bennett,8477935,Center,0
5f893535fece23034c6ec637,Michael Del Zotto,8474584,Defenseman,0
5f893535fece23034c6ec64a,Robert Thomas,8480023,Center,0
5f893535fece23034c6ec66a,Juuso Valimaki,8479976,Defenseman,0
5f893535fece23034c6ec6a1,Adam Larsson,8476457,Defenseman,0
5f893535fece23034c6ec63a,Brayden Schenn,8475170,Center,0
5f893535fece23034c6ec63f,Jordan Schmaltz,8476877,Defenseman,0
5f893535fece23034c6ec681,J.T. Compher,8477456,Left Wing,0
5f893535fece23034c6ec68a,Sheldon Dries,8480326,Center,0
5f893535fece23034c6ec644,Robby Fabbri,8477952,Center,0
5f893535fece23034c6ec64d,Jake Allen,8474596,Goalie,0
5f893535fece23034c6ec655,Michael Stone,8474628,Defenseman,0
5f893535fece23034c6ec646,Sammy Blais,8478104,Left Wing,0
5f893535fece23034c6ec64b,Jakub Jerabek,8480143,Defenseman,0
5f893535fece23034c6ec68c,Cale Makar,8480069,Defenseman,0
5f893535fece23034c6ec65f,Garnet Hathaway,8477903,Right Wing,0
5f893535fece23034c6ec696,Jason Garrison,8474520,Defenseman,0
5f893535fece23034c6ec659,Alan Quine,8476409,Center,0
5f893535fece23034c6ec64f,Mark Giordano,8470966,Defenseman,0
5f893535fece23034c6ec666,Derek Ryan,8478585,Center,0
5f893535fece23034c6ec67a,Matt Nieto,8476442,Left Wing,0
5f893535fece23034c6ec69a,Brandon Manning,8475430,Defenseman,0
5f893535fece23034c6ec657,Dalton Prout,8474774,Defenseman,0
5f893535fece23034c6ec656,TJ Brodie,8474673,Defenseman,0
5f893536fece23034c6ec6ba,Sam Gagner,8474040,Center,0
5f893535fece23034c6ec663,Rasmus Andersson,8478397,Defenseman,0
5f893535fece23034c6ec65c,Sean Monahan,8477497,Center,0
5f893535fece23034c6ec673,Matt Calvert,8474685,Left Wing,0
5f893535fece23034c6ec66d,David Rittich,8479496,Goalie,0
5f893535fece23034c6ec69e,Tobias Rieder,8476356,Center,0
5f893535fece23034c6ec65b,Elias Lindholm,8477496,Center,0
5f893535fece23034c6ec67d,Alexander Kerfoot,8477021,Center,0
5f893535fece23034c6ec672,Colin Wilson,8474569,Center,0
5f893536fece23034c6ec6c4,Josh Leivo,8476410,Left Wing,0
5f893535fece23034c6ec686,Mikko Rantanen,8478420,Right Wing,0
5f893535fece23034c6ec665,Austin Czarnik,8478512,Center,0
5f893535fece23034c6ec66f,Erik Johnson,8473446,Defenseman,0
5f893535fece23034c6ec6aa,Leon Draisaitl,8477934,Center,0
5f893535fece23034c6ec683,Nikita Zadorov,8477507,Defenseman,0
5f893535fece23034c6ec67c,Dominic Toninato,8476952,Center,0
5f893535fece23034c6ec6b4,Mikko Koskinen,8475156,Goalie,0
5f893535fece23034c6ec697,Alex Chiasson,8475163,Right Wing,0
5f893535fece23034c6ec674,Mark Barberio,8474717,Defenseman,0
5f893535fece23034c6ec67e,Sven Andrighetto,8477413,Right Wing,0
5f893536fece23034c6ec6c6,Markus Granlund,8476440,Center,0
5f893535fece23034c6ec65d,Curtis Lazar,8477508,Center,0
5f893535fece23034c6ec685,Anton Lindholm,8478073,Defenseman,0
5f893535fece23034c6ec658,Johnny Gaudreau,8476346,Left Wing,0
5f893535fece23034c6ec667,Ryan Lomberg,8479066,Left Wing,0
5f893536fece23034c6ec6cb,Brendan Leipsic,8476894,Left Wing,0
5f893535fece23034c6ec690,Kyle Brodziak,8470803,Center,0
5f893535fece23034c6ec662,Noah Hanifin,8478396,Defenseman,0
5f893535fece23034c6ec675,Tyson Barrie,8475197,Defenseman,0
5f893536fece23034c6ec6b8,Alexander Edler,8471303,Defenseman,0
5f893535fece23034c6ec669,Dillon Dube,8479346,Center,0
5f893535fece23034c6ec671,Ian Cole,8474013,Defenseman,0
5f893535fece23034c6ec691,Andrej Sekera,8471284,Defenseman,0
5f893535fece23034c6ec66c,Mike Smith,8469608,Goalie,0
5f893536fece23034c6ec6c5,Reid Boucher,8476423,Center,0
5f893535fece23034c6ec695,Brad Malone,8474089,Center,0
5f893535fece23034c6ec67b,Gabriel Landeskog,8476455,Left Wing,0
5f893535fece23034c6ec676,Gabriel Bourque,8475268,Left Wing,0
5f893536fece23034c6ec6dd,Jacob Markstrom,8474593,Goalie,0
5f893535fece23034c6ec69f,Ty Rattie,8476427,Right Wing,0
5f893535fece23034c6ec684,Vladislav Kamenev,8477973,Center,0
5f893535fece23034c6ec67f,Ryan Graves,8477435,Defenseman,0
5f893536fece23034c6ec6cf,Tyler Motte,8477353,Center,0
5f893535fece23034c6ec699,Chris Wideman,8475227,Defenseman,0
5f893535fece23034c6ec680,Marko Dano,8477448,Left Wing,0
5f893535fece23034c6ec689,Samuel Girard,8479398,Defenseman,0
5f893536fece23034c6ec6db,Brogan Rafferty,8481479,Defenseman,0
5f893535fece23034c6ec6a3,Oscar Klefbom,8476472,Defenseman,0
5f893535fece23034c6ec692,Kris Russell,8471729,Defenseman,0
5f893536fece23034c6ec6cd,Ashton Sautner,8477085,Defenseman,0
5f893535fece23034c6ec688,Tyson Jost,8479370,Center,0
5f893535fece23034c6ec6a9,Josh Currie,8477680,Right Wing,0
5f893535fece23034c6ec6a6,Valentin Zykov,8477458,Left Wing,0
5f893535fece23034c6ec69c,Alexander Petrovic,8475755,Defenseman,0
5f893536fece23034c6ec6d7,Zack MacEwen,8479772,Center,0
5f893535fece23034c6ec68e,Philipp Grubauer,8475831,Goalie,0
5f893535fece23034c6ec6af,Drake Caggiula,8479465,Center,0
5f893535fece23034c6ec687,A.J. Greer,8478421,Left Wing,0
5f893536fece23034c6ec6e3,Corey Perry,8470621,Right Wing,0
5f893536fece23034c6ec6bc,Jay Beagle,8474291,Center,0
5f893535fece23034c6ec68f,Pavel Francouz,8480925,Goalie,0
5f893536fece23034c6ec6e2,Ryan Kesler,8470616,Center,0
5f893535fece23034c6ec6ab,Connor McDavid,8478402,Center,0
5f893536fece23034c6ec6be,Michael Del Zotto,8474584,Defenseman,0
5f893535fece23034c6ec693,Milan Lucic,8473473,Left Wing,0
5f893536fece23034c6ec6ec,Jakob Silfverberg,8475164,Right Wing,0
5f893535fece23034c6ec694,Sam Gagner,8474040,Center,0
5f893535fece23034c6ec69d,Kevin Gravel,8475857,Defenseman,0
5f893535fece23034c6ec6b1,Joseph Gambardella,8479970,Center,0
5f893536fece23034c6ec6f7,Kevin Roy,8476971,Center,0
5f893535fece23034c6ec698,Zack Kassian,8475178,Right Wing,0
5f893536fece23034c6ec6bd,Luke Schenn,8474568,Defenseman,0
5f893536fece23034c6ec6bf,Antoine Roussel,8474849,Left Wing,0
5f893536fece23034c6ec705,Troy Terry,8478873,Right Wing,0
5f893535fece23034c6ec6b0,Patrick Russell,8479466,Right Wing,0
5f893536fece23034c6ec6d3,Brock Boeser,8478444,Right Wing,0
5f893535fece23034c6ec6a0,Ryan Nugent-Hopkins,8476454,Center,0
5f893536fece23034c6ec6f0,Brian Gibbons,8476207,Center,0
5f893535fece23034c6ec6a4,Jujhar Khaira,8476915,Left Wing,0
5f893536fece23034c6ec6ca,Derrick Pouliot,8476884,Defenseman,0
5f893535fece23034c6ec6a7,Darnell Nurse,8477498,Defenseman,0
5f893535fece23034c6ec6a5,Matt Benning,8476988,Defenseman,0
5f893536fece23034c6ec6f4,Hampus Lindholm,8476854,Defenseman,0
5f893536fece23034c6ec6d4,Guillaume Brisebois,8478465,Defenseman,0
5f893535fece23034c6ec6ad,Caleb Jones,8478452,Defenseman,0
5f893536fece23034c6ec719,Erik Condra,8473588,Right Wing,0
5f893535fece23034c6ec6ac,Cooper Marody,8478442,Center,0
5f893536fece23034c6ec6d9,Quinn Hughes,8480800,Defenseman,0
5f893536fece23034c6ec6b7,Loui Eriksson,8470626,Left Wing,0
5f893535fece23034c6ec6b2,Kailer Yamamoto,8479977,Right Wing,0
5f893536fece23034c6ec71b,Jamie Benn,8473994,Left Wing,0
5f893536fece23034c6ec6d2,Nikolay Goldobin,8477958,Right Wing,0
5f893536fece23034c6ec6b9,Alex Biega,8473415,Defenseman,0
5f893536fece23034c6ec706,Kalle Kossila,8479290,Center,0
5f893536fece23034c6ec6c1,Christopher Tanev,8475690,Defenseman,0
5f893535fece23034c6ec6ae,Jesse Puljujarvi,8479344,Right Wing,0
5f893536fece23034c6ec6dc,Richard Bachman,8473614,Goalie,0
5f893536fece23034c6ec6c8,Brendan Gaunce,8476867,Center,0
5f893536fece23034c6ec710,John Gibson,8476434,Goalie,0
5f893536fece23034c6ec6bb,Brandon Sutter,8474091,Center,0
5f893536fece23034c6ec6e9,Michael Del Zotto,8474584,Defenseman,0
5f893535fece23034c6ec6b3,Evan Bouchard,8480803,Defenseman,0
5f893536fece23034c6ec731,Ben Gleason,8479416,Defenseman,0
5f893536fece23034c6ec6e8,Luke Schenn,8474568,Defenseman,0
5f893536fece23034c6ec6ce,Tim Schaller,8477213,Left Wing,0
5f893536fece23034c6ec6c0,Darren Archibald,8475423,Right Wing,0
5f893536fece23034c6ec733,Miro Heiskanen,8480036,Defenseman,0
5f893536fece23034c6ec6f3,Rickard Rakell,8476483,Left Wing,0
5f893536fece23034c6ec6c7,Sven Baertschi,8476466,Left Wing,0
5f893536fece23034c6ec6d8,Elias Pettersson,8480012,Center,0
5f893536fece23034c6ec73b,Dustin Brown,8470606,Right Wing,0
5f893536fece23034c6ec6d1,Jake Virtanen,8477937,Right Wing,0
5f893536fece23034c6ec6ff,Brandon Montour,8477986,Defenseman,0
5f893536fece23034c6ec6cc,Ben Hutton,8477018,Defenseman,0
5f893536fece23034c6ec724,Radek Faksa,8476889,Center,0
5f893536fece23034c6ec70b,Justin Kloos,8480082,Center,0
5f893536fece23034c6ec6e0,Michael Dipietro,8480022,Goalie,0
5f893536fece23034c6ec6d6,Troy Stecher,8479442,Defenseman,0
5f893536fece23034c6ec749,Kurtis MacDermid,8477073,Defenseman,0
5f893536fece23034c6ec70f,Chad Johnson,8473434,Goalie,0
5f893536fece23034c6ec6d0,Bo Horvat,8477500,Center,0
5f893536fece23034c6ec732,Gavin Bayreuther,8479945,Defenseman,0
5f893536fece23034c6ec6de,Anders Nilsson,8475195,Goalie,0
5f893536fece23034c6ec6da,Josh Teves,8481425,Defenseman,0
5f893536fece23034c6ec715,Blake Comeau,8471260,Left Wing,0
5f893536fece23034c6ec73c,Nate Thompson,8470775,Center,0
5f893536fece23034c6ec6d5,Adam Gaudette,8478874,Center,0
5f893536fece23034c6ec6e5,Adam Cracknell,8471490,Right Wing,0
5f893536fece23034c6ec6fc,Carter Rowney,8477240,Center,0
5f893536fece23034c6ec6df,Thatcher Demko,8477967,Goalie,0
5f893536fece23034c6ec74f,Matt Roy,8478911,Defenseman,0
5f893536fece23034c6ec725,Esa Lindell,8476902,Defenseman,0
5f893536fece23034c6ec759,Peter Budaj,8469514,Goalie,0
5f893536fece23034c6ec70c,Kiefer Sherwood,8480748,Left Wing,0
5f893536fece23034c6ec6ed,Cam Fowler,8475764,Defenseman,0
5f893536fece23034c6ec6e4,Patrick Eaves,8470622,Right Wing,0
5f893536fece23034c6ec72d,Joel Hanley,8477810,Defenseman,0
5f893536fece23034c6ec748,Paul LaDue,8476983,Defenseman,0
5f893536fece23034c6ec6ea,Adam Henrique,8474641,Center,0
5f893536fece23034c6ec6ef,Ben Street,8476043,Center,0
5f893536fece23034c6ec716,Roman Polak,8471392,Defenseman,0
5f893536fece23034c6ec6f5,Pontus Aberg,8476857,Left Wing,0
5f893536fece23034c6ec6fb,Andrej Sustr,8477205,Defenseman,0
5f893536fece23034c6ec752,Jaret Anderson-Dolan,8479994,Center,0
5f893536fece23034c6ec737,Landon Bow,8479016,Goalie,0
5f893536fece23034c6ec75c,Calvin Petersen,8477361,Goalie,0
5f893536fece23034c6ec701,Ondrej Kase,8478131,Right Wing,0
5f893536fece23034c6ec707,Sam Steel,8479351,Center,0
5f893536fece23034c6ec722,Brett Ritchie,8476439,Right Wing,0
5f893536fece23034c6ec6ee,Sam Carrick,8475842,Center,0
5f893536fece23034c6ec767,Brenden Dillon,8475455,Defenseman,0
5f893536fece23034c6ec70d,Isac Lundestrom,8480806,Center,0
5f893536fece23034c6ec745,Derek Forbort,8475762,Defenseman,0
5f893536fece23034c6ec711,Kevin Boyle,8479294,Goalie,0
5f893536fece23034c6ec72e,Julius Honka,8477945,Defenseman,0
5f893536fece23034c6ec6f6,Devin Shore,8476913,Center,0
5f893536fece23034c6ec771,Jacob Middleton,8478136,Defenseman,0
5f893536fece23034c6ec738,Ilya Kovalchuk,8469454,Left Wing,0
5f893536fece23034c6ec717,Martin Hanzal,8471691,Center,0
5f893536fece23034c6ec6f8,Jake Dotchin,8477009,Defenseman,0
5f893536fece23034c6ec760,Marc-Edouard Vlasic,8471709,Defenseman,0
5f893536fece23034c6ec71f,Tyler Seguin,8475794,Center,0
5f893536fece23034c6ec74b,Nikita Scherbak,8477957,Right Wing,0
5f893536fece23034c6ec700,Chase De Leo,8478029,Center,0
5f893536fece23034c6ec76a,Tim Heed,8475841,Defenseman,0
5f893536fece23034c6ec704,Jacob Larsson,8478491,Defenseman,0
5f893536fece23034c6ec755,Sean Walker,8480336,Defenseman,0
5f893536fece23034c6ec774,Radim Simek,8480160,Defenseman,0
5f893536fece23034c6ec708,Max Jones,8479368,Left Wing,0
5f893537fece23034c6ec780,Matt Duchene,8475168,Center,0
5f893536fece23034c6ec729,Mattias Janmark,8477406,Center,0
5f893536fece23034c6ec742,Drew Doughty,8474563,Defenseman,0
5f893536fece23034c6ec70e,Ryan Miller,8468011,Goalie,0
5f893536fece23034c6ec712,Jason Spezza,8469455,Center,0
5f893537fece23034c6ec779,Brandon Dubinsky,8471273,Center,0
5f893536fece23034c6ec72f,Roope Hintz,8478449,Left Wing,0
5f893536fece23034c6ec74e,Austin Wagner,8478455,Left Wing,0
5f893536fece23034c6ec71c,Justin Dowling,8475413,Center,0
5f893536fece23034c6ec758,Blake Lizotte,8481481,Center,0
5f893537fece23034c6ec78e,Zach Werenski,8478460,Defenseman,0
5f893536fece23034c6ec735,Anton Khudobin,8471418,Goalie,0
5f893536fece23034c6ec763,Micheal Haley,8474230,Center,0
5f893536fece23034c6ec73d,Anze Kopitar,8471685,Center,0
5f893536fece23034c6ec739,Dion Phaneuf,8470602,Defenseman,0
5f893537fece23034c6ec783,Lukas Sedlak,8476310,Center,0
5f893537fece23034c6ec78d,Sonny Milano,8477947,Left Wing,0
5f893536fece23034c6ec73f,Jake Muzzin,8474162,Defenseman,0
5f893536fece23034c6ec76d,Joakim Ryan,8477046,Defenseman,0
5f893536fece23034c6ec726,Devin Shore,8476913,Center,0
5f893536fece23034c6ec72a,Jason Dickinson,8477450,Center,0
5f893537fece23034c6ec798,Eric Robinson,8480762,Left Wing,0
5f893536fece23034c6ec75e,Brent Burns,8470613,Defenseman,0
5f893536fece23034c6ec747,Brendan Leipsic,8476894,Left Wing,0
5f893537fece23034c6ec7a2,Greg Pateryn,8474688,Defenseman,0
5f893536fece23034c6ec730,Denis Gurianov,8478495,Right Wing,0
5f893536fece23034c6ec766,Evander Kane,8475169,Left Wing,0
5f893536fece23034c6ec734,"Joel L'Esperance",8480769,Center,0
5f893537fece23034c6ec7ae,Kyle Rau,8476415,Center,0
5f893536fece23034c6ec73a,Jeff Carter,8470604,Center,0
5f893536fece23034c6ec73e,Trevor Lewis,8473453,Center,0
5f893536fece23034c6ec770,Kevin Labanc,8478099,Right Wing,0
5f893537fece23034c6ec795,Kole Sherwood,8478949,Right Wing,0
5f893537fece23034c6ec77c,Mark Letestu,8473914,Center,0
5f893536fece23034c6ec751,Matt Luff,8479644,Right Wing,0
5f893536fece23034c6ec74d,Michael Amadio,8478020,Center,0
5f893537fece23034c6ec79f,Ryan Suter,8470600,Defenseman,0
5f893537fece23034c6ec788,Josh Anderson,8476981,Right Wing,0
5f893536fece23034c6ec75b,Jack Campbell,8475789,Goalie,0
5f893536fece23034c6ec757,Sheldon Rempal,8480776,Right Wing,0
5f893537fece23034c6ec7a9,Mikael Granlund,8475798,Center,0
5f893536fece23034c6ec74a,Jonny Brodzinski,8477380,Center,0
5f893536fece23034c6ec744,Tyler Toffoli,8475726,Right Wing,0
5f893537fece23034c6ec77f,Cam Atkinson,8474715,Right Wing,0
5f893537fece23034c6ec7ba,Joel Eriksson Ek,8478493,Center,0
5f893536fece23034c6ec754,Oscar Fantenberg,8480147,Defenseman,0
5f893536fece23034c6ec750,Carl Grundstrom,8479336,Right Wing,0
5f893537fece23034c6ec7b5,Pontus Aberg,8476857,Left Wing,0
5f893537fece23034c6ec781,David Savard,8475233,Defenseman,0
5f893536fece23034c6ec75a,Jonathan Quick,8471734,Goalie,0
5f893536fece23034c6ec765,Gustav Nyquist,8474679,Center,0
5f893537fece23034c6ec789,Anthony Duclair,8477407,Left Wing,0
5f893537fece23034c6ec7c6,Ben Chiarot,8475279,Defenseman,0
5f893536fece23034c6ec75f,Joe Pavelski,8470794,Center,0
5f893537fece23034c6ec7cc,Cameron Schilling,8476799,Defenseman,0
5f893537fece23034c6ec793,Kevin Stenlund,8478831,Center,0
5f893536fece23034c6ec769,Marcus Sorensen,8475834,Left Wing,0
5f893536fece23034c6ec76f,Rourke Chartier,8478078,Center,0
5f893536fece23034c6ec777,Martin Jones,8474889,Goalie,0
5f893536fece23034c6ec773,Dylan Gambrell,8479580,Center,0
5f893537fece23034c6ec79e,Eric Staal,8470595,Center,0
5f893537fece23034c6ec7d6,Mason Appleton,8478891,Center,0
5f893536fece23034c6ec768,Joonas Donskoi,8475820,Right Wing,0
5f893537fece23034c6ec7cd,Jacob Trouba,8476885,Defenseman,0
5f893537fece23034c6ec7aa,Nino Niederreiter,8475799,Right Wing,0
5f893536fece23034c6ec762,Logan Couture,8474053,Center,0
5f893537fece23034c6ec7b4,Matt Dumba,8476856,Defenseman,0
5f893537fece23034c6ec7d7,Sami Niku,8478915,Defenseman,0
5f893536fece23034c6ec76c,Tomas Hertl,8476881,Center,0
5f893536fece23034c6ec772,Timo Meier,8478414,Right Wing,0
5f893537fece23034c6ec7e2,Michael Grabner,8473546,Left Wing,0
5f893537fece23034c6ec79b,Joonas Korpisalo,8476914,Goalie,0
5f893537fece23034c6ec77e,Zac Dalpe,8474610,Center,0
5f893536fece23034c6ec776,Antti Suomela,8480965,Center,0
5f893537fece23034c6ec7db,Par Lindholm,8480944,Center,0
5f893537fece23034c6ec7a5,Marcus Foligno,8475220,Left Wing,0
5f893537fece23034c6ec784,Adam Clendening,8476431,Defenseman,0
5f893537fece23034c6ec78a,Oliver Bjorkstrand,8477416,Right Wing,0
5f893537fece23034c6ec7ea,Josh Archibald,8476326,Right Wing,0
5f893537fece23034c6ec7af,Victor Rask,8476437,Center,0
5f893537fece23034c6ec77b,Nick Foligno,8473422,Left Wing,0
5f893537fece23034c6ec78c,Alexander Wennberg,8477505,Center,0
5f893537fece23034c6ec7c0,Dustin Byfuglien,8470834,Defenseman,0
5f893537fece23034c6ec7f4,Michael Bunting,8478047,Left Wing,0
5f893537fece23034c6ec794,Markus Nutivaara,8478906,Defenseman,0
5f893537fece23034c6ec790,Markus Hannikainen,8478541,Left Wing,0
5f893537fece23034c6ec7e5,Derek Stepan,8474613,Center,0
5f893537fece23034c6ec7b9,Jordan Greenway,8478413,Left Wing,0
5f893537fece23034c6ec785,Boone Jenner,8476432,Center,0
5f893537fece23034c6ec78b,Seth Jones,8477495,Defenseman,0
5f893537fece23034c6ec7f1,Brendan Perlini,8477943,Left Wing,0
5f893537fece23034c6ec7bf,Matt Hendricks,8468611,Center,0
5f893537fece23034c6ec78f,Gabriel Carlsson,8478506,Defenseman,0
5f893537fece23034c6ec796,Pierre-Luc Dubois,8479400,Center,0
5f893537fece23034c6ec7f7,Lawson Crouse,8478474,Left Wing,0
5f893537fece23034c6ec7d0,Josh Morrissey,8477504,Defenseman,0
5f893537fece23034c6ec79a,Sergei Bobrovsky,8475683,Goalie,0
5f893537fece23034c6ec7a0,Zach Parise,8470610,Left Wing,0
5f893538fece23034c6ec808,Reilly Smith,8475191,Right Wing,0
5f893537fece23034c6ec7c9,Mark Scheifele,8476460,Center,0
5f893537fece23034c6ec7ac,Matt Read,8476177,Right Wing,0
5f893537fece23034c6ec7a4,Matt Bartkowski,8474749,Defenseman,0
5f893537fece23034c6ec7d3,Nelson Nogier,8478031,Defenseman,0
5f893537fece23034c6ec7fd,Darcy Kuemper,8475311,Goalie,0
5f893537fece23034c6ec7b6,Kevin Fiala,8477942,Left Wing,0
5f893537fece23034c6ec7b0,Jonas Brodin,8476463,Defenseman,0
5f893538fece23034c6ec805,Max Pacioretty,8474157,Left Wing,0
5f893537fece23034c6ec7de,Eric Comrie,8477480,Goalie,0
5f893537fece23034c6ec79d,Mikko Koivu,8469459,Center,0
5f893537fece23034c6ec797,Alexandre Texier,8480074,Center,0
5f893538fece23034c6ec809,Brandon Pirri,8475204,Center,0
5f893537fece23034c6ec7e8,Kevin Connauton,8475246,Defenseman,0
5f893537fece23034c6ec7a7,Jason Zucker,8475722,Left Wing,0
5f893537fece23034c6ec7a1,Eric Fehr,8470611,Center,0
5f893537fece23034c6ec7e1,Niklas Hjalmarsson,8471769,Defenseman,0
5f893538fece23034c6ec81a,Pierre-Edouard Bellemare,8477930,Center,0
5f893537fece23034c6ec7ab,Anthony Bitetto,8475868,Defenseman,0
5f893537fece23034c6ec7b8,Louie Belpedio,8478011,Defenseman,0
5f893537fece23034c6ec7f0,Jordan Oesterle,8477851,Defenseman,0
5f893538fece23034c6ec80b,Erik Haula,8475287,Left Wing,0
5f893537fece23034c6ec7b3,JT Brown,8476806,Right Wing,0
5f893537fece23034c6ec7bc,Nico Sturm,8481477,Center,0
5f893537fece23034c6ec7fa,Clayton Keller,8479343,Right Wing,0
5f893538fece23034c6ec815,Shea Theodore,8477447,Defenseman,0
5f893537fece23034c6ec7c2,Bryan Little,8473412,Center,0
5f893537fece23034c6ec7bb,Luke Kunin,8479316,Center,0
5f893538fece23034c6ec81d,Jimmy Schuldt,8481486,Defenseman,0
5f893537fece23034c6ec7ed,Vinnie Hinostroza,8476994,Right Wing,0
5f893537fece23034c6ec7c8,Adam Lowry,8476392,Center,0
5f893537fece23034c6ec7c1,Blake Wheeler,8471218,Right Wing,0
5f893537fece23034c6ec800,Adin Hill,8478499,Goalie,0
5f893537fece23034c6ec7c3,Mathieu Perreault,8473618,Left Wing,0
5f893537fece23034c6ec7d4,Kyle Connor,8478398,Left Wing,0
5f893537fece23034c6ec7f9,Conor Garland,8478856,Right Wing,0
5f893538fece23034c6ec80c,Oscar Lindberg,8475715,Left Wing,0
5f893537fece23034c6ec7cb,Joe Morrow,8476476,Defenseman,0
5f893537fece23034c6ec7d8,Brandon Tanev,8479293,Left Wing,0
5f893537fece23034c6ec7d5,Jack Roslovic,8478458,Center,0
5f893537fece23034c6ec7cf,Nic Petan,8477464,Center,0
5f893537fece23034c6ec801,Hunter Miska,8480112,Goalie,0
5f893537fece23034c6ec7da,Kristian Vesalainen,8480005,Left Wing,0
5f893537fece23034c6ec7e0,Alex Goligoski,8471274,Defenseman,0
5f893538fece23034c6ec812,Tomas Hyka,8476617,Right Wing,0
5f893538fece23034c6ec816,Valentin Zykov,8477458,Left Wing,0
5f893537fece23034c6ec7e4,Jason Demers,8474218,Defenseman,0
5f893537fece23034c6ec7d9,Patrik Laine,8479339,Right Wing,0
5f893537fece23034c6ec7dd,Connor Hellebuyck,8476945,Goalie,0
5f893538fece23034c6ec81e,Marc-Andre Fleury,8470594,Goalie,0
5f893537fece23034c6ec7e3,Mario Kempe,8474131,Right Wing,0
5f893537fece23034c6ec7ec,Alex Galchenyuk,8476851,Center,0
5f893538fece23034c6ec80f,William Karlsson,8476448,Center,0
5f893537fece23034c6ec7f2,Nick Schmaltz,8477951,Center,0
5f893538fece23034c6ec819,Daniel Carr,8477901,Left Wing,0
5f893537fece23034c6ec7f6,Dylan Strome,8478440,Center,0
5f893537fece23034c6ec7fc,Ilya Lyubushkin,8480950,Defenseman,0
5f893537fece23034c6ec7e7,Richard Panik,8475209,Right Wing,0
5f893537fece23034c6ec7f3,Christian Dvorak,8477989,Center,0
5f893537fece23034c6ec7ef,Dakota Mermis,8477541,Defenseman,0
5f893538fece23034c6ec802,Deryk Engelland,8468674,Defenseman,0
5f893538fece23034c6ec804,Ryan Reaves,8471817,Right Wing,0
5f893538fece23034c6ec80a,Cody Eakin,8475236,Center,0
5f893538fece23034c6ec806,Nick Holden,8474207,Defenseman,0
5f893537fece23034c6ec7ff,Antti Raanta,8477293,Goalie,0
5f893537fece23034c6ec7fb,Jakob Chychrun,8479345,Defenseman,0
5f893538fece23034c6ec810,Colin Miller,8476525,Defenseman,0
5f893538fece23034c6ec803,Paul Stastny,8471669,Center,0
5f893538fece23034c6ec807,Brayden McNabb,8475188,Defenseman,0
5f893538fece23034c6ec814,Nate Schmidt,8477220,Defenseman,0
5f893538fece23034c6ec81c,Alex Tuch,8477949,Right Wing,0
5f893538fece23034c6ec818,Ryan Carpenter,8477846,Center,0
5f893538fece23034c6ec80d,Jon Merrill,8475750,Defenseman,0
5f893538fece23034c6ec820,Malcolm Subban,8476876,Goalie,0
5f893538fece23034c6ec817,William Carrier,8477478,Left Wing,0
5f893538fece23034c6ec81f,Maxime Legace,8476509,Goalie,0
5f893538fece23034c6ec811,Jonathan Marchessault,8476539,Center,0
5f893538fece23034c6ec81b,Tomas Nosek,8477931,Left Wing,0